,precision,recall,f1-score,support
YESIL,0.8087431693989071,0.8268156424581006,0.8176795580110497,179.0
SARI,0.7046979865771812,0.7,0.7023411371237458,150.0
KIRMIZI,0.8103448275862069,0.7899159663865546,0.8,119.0
accuracy,0.7745535714285714,0.7745535714285714,0.7745535714285714,0.7745535714285714
macro avg,0.7745953278540983,0.772243869614885,0.7733402317115985,448.0
weighted avg,0.7743320531065628,0.7745535714285714,0.7743656505637048,448.0
