,precision,recall,f1-score,support
YESIL,0.8235294117647058,0.8603351955307262,0.8415300546448088,179.0
SARI,0.7172413793103448,0.6933333333333334,0.7050847457627119,150.0
KIRMIZI,0.8275862068965517,0.8067226890756303,0.8170212765957446,119.0
accuracy,0.7901785714285714,0.7901785714285714,0.7901785714285714,0.7901785714285714
macro avg,0.7894523326572007,0.7867970726465634,0.7878786923344218,448.0
weighted avg,0.7890194871051869,0.7901785714285714,0.7893350972337527,448.0
