method,accuracy,macro_f1,weighted_f1,kirmizi_recall,brier_multiclass,ece_top1
sigmoid,0.7924107142857143,0.790717566141295,0.7917834258822456,0.8151260504201681,1.144064722227838,0.06378467385673842
isotonic,0.7901785714285714,0.7878786923344218,0.7893350972337527,0.8067226890756303,1.169580696347628,0.051603812688790225
