{
  "recommended": {
    "method": "sigmoid",
    "accuracy": 0.7924107142857143,
    "macro_f1": 0.790717566141295,
    "weighted_f1": 0.7917834258822456,
    "kirmizi_recall": 0.8151260504201681,
    "brier_multiclass": 1.144064722227838,
    "ece_top1": 0.06378467385673842
  },
  "all": [
    {
      "method": "sigmoid",
      "accuracy": 0.7924107142857143,
      "macro_f1": 0.790717566141295,
      "weighted_f1": 0.7917834258822456,
      "kirmizi_recall": 0.8151260504201681,
      "brier_multiclass": 1.144064722227838,
      "ece_top1": 0.06378467385673842
    },
    {
      "method": "isotonic",
      "accuracy": 0.7901785714285714,
      "macro_f1": 0.7878786923344218,
      "weighted_f1": 0.7893350972337527,
      "kirmizi_recall": 0.8067226890756303,
      "brier_multiclass": 1.169580696347628,
      "ece_top1": 0.051603812688790225
    }
  ]
}