,precision,recall,f1-score,support
YESIL,0.7777777777777778,0.664804469273743,0.7168674698795181,179.0
SARI,0.5445026178010471,0.6933333333333334,0.6099706744868035,150.0
KIRMIZI,0.7596153846153846,0.6638655462184874,0.7085201793721974,119.0
accuracy,0.6741071428571429,0.6741071428571429,0.6741071428571429,0.6741071428571429
macro avg,0.6939652600647365,0.6740011162751879,0.6784527745795064,448.0
weighted avg,0.6948478697803796,0.6741071428571429,0.6788588830954146,448.0
