,precision,recall,f1-score,support
YESIL,0.7634408602150538,0.7932960893854749,0.7780821917808219,179.0
SARI,0.6266666666666667,0.6266666666666667,0.6266666666666667,150.0
KIRMIZI,0.7678571428571429,0.7226890756302521,0.7445887445887446,119.0
accuracy,0.71875,0.71875,0.71875,0.71875
macro avg,0.719321556579621,0.7142172772274646,0.7164458676787445,448.0
weighted avg,0.7188190044162825,0.71875,0.7184883324438119,448.0
