,precision,recall,f1-score,support
YESIL,0.827027027027027,0.8547486033519553,0.8406593406593407,179.0
SARI,0.7191780821917808,0.7,0.7094594594594594,150.0
KIRMIZI,0.8290598290598291,0.8151260504201681,0.8220338983050848,119.0
accuracy,0.7924107142857143,0.7924107142857143,0.7924107142857143,0.7924107142857143
macro avg,0.7917549794262123,0.7899582179240411,0.790717566141295,448.0
weighted avg,0.7914568522873316,0.7924107142857143,0.7917834258822456,448.0
