,precision,recall,f1-score,support
YESIL,0.7795698924731183,0.8100558659217877,0.7945205479452054,179.0
SARI,0.654320987654321,0.7066666666666667,0.6794871794871795,150.0
KIRMIZI,0.88,0.7394957983193278,0.8036529680365296,119.0
accuracy,0.7566964285714286,0.7566964285714286,0.7566964285714286,0.7566964285714286
macro avg,0.7712969600424797,0.7520727769692607,0.7592202318229715,448.0
weighted avg,0.7643106225465096,0.7566964285714286,0.7584307102714637,448.0
